[
  {
    "id": "867962bf-3b42-4675-b7ec-fbe617defbf3",
    "data": [
      {
        "text": "Book a car",
        "userDefined": false
      }
    ],
    "isTemplate": false,
    "count": 1,
    "lang": "en",
    "updated": 0
  },
  {
    "id": "32c4c738-fcb0-4a60-b050-75eeb2d1930e",
    "data": [
      {
        "text": "Please book a car as well",
        "userDefined": false
      }
    ],
    "isTemplate": false,
    "count": 0,
    "lang": "en",
    "updated": 0
  },
  {
    "id": "71c3975a-f662-417e-b909-be4873935319",
    "data": [
      {
        "text": "I want to book a car in ",
        "userDefined": false
      },
      {
        "text": "delhi",
        "meta": "@sys.geo-city",
        "alias": "geo-city",
        "userDefined": false
      }
    ],
    "isTemplate": false,
    "count": 0,
    "lang": "en",
    "updated": 0
  }
]