[
  {
    "id": "4932d4e5-4a41-4a26-a415-9cbf23c40284",
    "data": [
      {
        "text": "Ford Mondeo",
        "meta": "@car_name",
        "alias": "car_name",
        "userDefined": true
      }
    ],
    "isTemplate": false,
    "count": 0,
    "lang": "en",
    "updated": 0
  },
  {
    "id": "6d75c55b-36da-4cd1-ba8c-1b6d65dcaffb",
    "data": [
      {
        "text": "Honda CRV",
        "meta": "@car_name",
        "alias": "car_name",
        "userDefined": true
      }
    ],
    "isTemplate": false,
    "count": 0,
    "lang": "en",
    "updated": 0
  }
]